{
  "tr_loss": [
    1.1574197101846764,
    0.0004027992818934717,
    0.00025435362057563046
  ],
  "va_loss": [
    0.0011700417859904265,
    0.00034172762582097583,
    0.00029872353509429616
  ],
  "va_acc": [
    1.0,
    1.0,
    1.0
  ]
}